contentUrl,contentSize,md5,encodingFormat,@id,@type,name,description,containedIn/@id
https://www.kaggle.com/api/v1/datasets/download/arshmankhalid/caf-rewards-offer-dataset?datasetVersionNumber=1,6.691 MB,ms+IWM90E2SyoOjoDKmWaA==,application/zip,archive.zip,cr:FileObject,archive.zip,Archive containing all the contents of the Caf√© Rewards Offer Dataset dataset,
customers.csv,,,text/csv,customers.csv_fileobject,cr:FileObject,customers.csv,"## **customers**
- **Demographic data for each member**
  - **customer_id**: Unique customer ID (primary key)
  - **became_member_on**: Date when the customer created their account (yyyymmdd)
  - **gender**: Customer's gender: (M)ale, (F)emale, or (O)ther
  - **age**: Customer's age
  - **income**: Customer's estimated annual income, in USD",archive.zip
data_dictionary.csv,,,text/csv,data_dictionary.csv_fileobject,cr:FileObject,data_dictionary.csv,,archive.zip
events.csv,,,text/csv,events.csv_fileobject,cr:FileObject,events.csv,"## **events**
- **Data on customer activity, with records for transactions, offers received, offers viewed, and offers completed**
  - **customer_id**: Customer the event is associated with (foreign key)
  - **event**: Description of the event (transaction, offer received, offer viewed, or offer completed)
  - **value**: Dictionary of values associated with the event (amount for transactions, offer_id for offers received, etc.)
  - **time**: Hours passed in the 30-day period (starting at 0)",archive.zip
offers.csv,,,text/csv,offers.csv_fileobject,cr:FileObject,offers.csv,"## **offers**
- **Details on the offers sent to customers during the 30-day period**
  - **offer_id**: Unique offer ID (primary key)
  - **offer_type**: type of offer: bogo (buy one, get one), discount, or informational
  - **difficulty**: minimum amount required to spend in order to be able to complete the offer
  - **reward**: reward (in dollars) obtained by completing the offer
  - **duration**: days a customer has to complete the offer once they have received it
  - **channels**: list of marketing channels used to send the offer to customers",archive.zip

